<?xml version="1.0" encoding="utf-8"?>
<resources xmlns:android="http://schemas.android.com/apk/res/android">
<string name="low_memory_error">"Nije moguće dovršiti prethodnu radnju zbog nedostatka memorije"</string>
<string name="opening_file_error">"Neuspešno otvaranje izabr. datot."</string>
<string name="opening_android_media_picker">"Birač slika se nije otvorio"</string>
<string name="copy_to_clipboard_failure_message">"Kopiranje u privremenu memoriju nije uspelo"</string>
<string name="link_copied">"Link je kopiran"</string>
</resources>
