<?xml version="1.0" encoding="utf-8"?>
<!-- Copyright 2019 The Chromium Authors. All rights reserved.
     Use of this source code is governed by a BSD-style license that can be
     found in the LICENSE file.
-->
<resources xmlns:tools="http://schemas.android.com/tools">
    <!-- 2021 color palette. -->
    <color name="baseline_error_200">#F2B8B5</color>
    <color name="baseline_error_600">#B3261E</color>
    <color name="baseline_primary_0">@android:color/white</color>
    <color name="baseline_primary_100">#D3E3FD</color>
    <color name="baseline_primary_200">#A8C7FA</color>
    <color name="baseline_primary_200_alpha_10" tools:ignore="UnusedResources">#19A8C7FA</color>
    <color name="baseline_primary_200_alpha_20">#33A8C7FA</color>
    <color name="baseline_primary_200_alpha_50">#80A8C7FA</color>
    <color name="baseline_primary_600">#0B57D0</color>
    <color name="baseline_primary_600_alpha_6">#0F0B57D0</color>
    <color name="baseline_primary_600_alpha_10">#190B57D0</color>
    <color name="baseline_primary_600_alpha_12">#1F0B57D0</color>
    <color name="baseline_primary_600_alpha_65" tools:ignore="UnusedResources">#6A0B57D0</color>
    <color name="baseline_primary_700">#0842A0</color>
    <color name="baseline_primary_800">#062E6F</color>
    <color name="baseline_primary_900">#041E49</color>
    <color name="baseline_neutral_0">@android:color/white</color>
    <color name="baseline_neutral_0_with_neutral_600_alpha_5_with_primary_600_2" tools:ignore="UnusedResources">#F2F4F6</color>
    <color name="baseline_neutral_0_with_neutral_600_alpha_8_with_primary_600_2" tools:ignore="UnusedResources">#EDEFF1</color>
    <color name="baseline_neutral_0_with_neutral_600_alpha_11_with_primary_600_2" tools:ignore="UnusedResources">#E8EAEC</color>
    <color name="baseline_neutral_0_with_neutral_600_alpha_12_with_primary_600_2" tools:ignore="UnusedResources">#E8E9EB</color>
    <color name="baseline_neutral_0_with_neutral_600_alpha_14_with_primary_600_2" tools:ignore="UnusedResources">#E4E5E8</color>
    <color name="baseline_neutral_0_with_neutral_600_alpha_20_with_primary_600_2" tools:ignore="UnusedResources">#DADBDE</color>
    <color name="baseline_neutral_10">#FDFCFB</color>
    <color name="baseline_neutral_50">#F2F2F2</color>
    <color name="baseline_neutral_100">#E3E3E3</color>
    <color name="baseline_neutral_100_alpha_10">#19E3E3E3</color>
    <color name="baseline_neutral_100_alpha_12">#1EE3E3E3</color>
    <color name="baseline_neutral_100_alpha_38">#61E3E3E3</color>
    <color name="baseline_neutral_200">#C7C7C7</color>
    <color name="baseline_neutral_300">#ABABAB</color>
    <color name="baseline_neutral_300_alpha_38">#61ABABAB</color>
    <color name="baseline_neutral_400" tools:ignore="UnusedResources">#8F8F8F</color>
    <color name="baseline_neutral_500" tools:ignore="UnusedResources">#757575</color>
    <color name="baseline_neutral_600">#5E5E5E</color>
    <color name="baseline_neutral_700">#474747</color>
    <color name="baseline_neutral_800">#303030</color>
    <color name="baseline_neutral_800_alpha_38">#61303030</color>
    <color name="baseline_neutral_900">#1F1F1F</color>
    <color name="baseline_neutral_900_alpha_10">#191F1F1F</color>
    <color name="baseline_neutral_900_alpha_12">#1E1F1F1F</color>
    <color name="baseline_neutral_900_alpha_38">#611F1F1F</color>
    <color name="baseline_neutral_900_with_neutral_100_alpha_38">#696969</color>
    <color name="baseline_neutral_900_with_neutral_200_alpha_5_with_primary_200_alpha_2">#2A2A2B</color>
    <color name="baseline_neutral_900_with_neutral_200_alpha_8_with_primary_200_alpha_2">#2E2F30</color>
    <color name="baseline_neutral_900_with_neutral_200_alpha_11_with_primary_200_alpha_2">#333435</color>
    <color name="baseline_neutral_900_with_neutral_200_alpha_12_with_primary_200_alpha_2">#353637</color>
    <color name="baseline_neutral_900_with_neutral_200_alpha_14_with_primary_200_alpha_2">#393A3B</color>
    <color name="baseline_neutral_900_with_neutral_200_alpha_20_with_primary_200_alpha_2">#434445</color>
    <color name="baseline_neutral_900_with_neutral_1000_alpha_30">#161616</color>
    <color name="baseline_neutral_900_with_neutral_1000_alpha_30_with_neutral_variant_400_alpha_15">#282828</color>
    <color name="baseline_neutral_1000">@android:color/black</color>
    <color name="baseline_neutral_variant_100">#E1E3E1</color>
    <color name="baseline_neutral_variant_100_alpha_20">#33E1E3E1</color>
    <color name="baseline_neutral_variant_200">#C4C7C5</color>
    <color name="baseline_neutral_variant_200_alpha_15">#26C4C7C5</color>
    <color name="baseline_neutral_variant_400">#8E918F</color>
    <color name="baseline_neutral_variant_500">#747775</color>
    <color name="baseline_neutral_variant_700">#444746</color>
    <color name="baseline_secondary_100">#C2E7FF</color>
    <color name="baseline_secondary_100_with_neutral_900_alpha_8">#B3D7EF</color>
    <color name="baseline_secondary_100_with_neutral_900_alpha_24">#94B7CF</color>
    <color name="baseline_secondary_300">#5AB3F0</color>
    <color name="baseline_secondary_300_with_neutral_100_alpha_8">#53A7E1</color>
    <color name="baseline_secondary_300_with_neutral_100_alpha_24">#448FC4</color>
    <color name="baseline_secondary_700">#004A77</color>
    <color name="baseline_secondary_900">#001D35</color>
    <color name="baseline_tertiary_100">#C4EED0</color>
    <color name="baseline_tertiary_200">#6DD58C</color>
    <color name="baseline_tertiary_600">#146C2E</color>
    <color name="baseline_tertiary_700">#0F5223</color>

    <!-- System colors that point to the baseline palette for below Android S.-->
    <color name="system_neutral1_10">@color/baseline_neutral_10</color>
    <color name="system_neutral1_900">@color/baseline_neutral_900</color>

    <!-- Remapped to 2021 color palette. Do not add new references to these. -->
    <color name="modern_white">@color/baseline_neutral_0</color>
    <!-- Correct for most places to use 200 instead of 300 now. -->
    <color name="modern_blue_300">@color/baseline_primary_200</color>
    <color name="modern_blue_300_alpha_10" tools:ignore="UnusedResources">@color/baseline_primary_200_alpha_10</color>
    <color name="modern_blue_300_alpha_50">@color/baseline_primary_200_alpha_50</color>
    <color name="modern_blue_600">@color/baseline_primary_600</color>
    <color name="modern_blue_600_alpha_6">@color/baseline_primary_600_alpha_6</color>
    <color name="modern_blue_600_alpha_10">@color/baseline_primary_600_alpha_10</color>
    <color name="modern_blue_600_alpha_12">@color/baseline_primary_600_alpha_12</color>
    <color name="modern_blue_600_alpha_65" tools:ignore="UnusedResources">@color/baseline_primary_600_alpha_65</color>
    <color name="modern_blue_700">@color/baseline_primary_700</color>
    <color name="modern_blue_800" tools:ignore="UnusedResources">@color/baseline_primary_800</color>

    <color name="google_green_300">@color/baseline_tertiary_200</color>
    <color name="google_green_600">@color/baseline_tertiary_600</color>
    <color name="modern_grey_50" tools:ignore="UnusedResources">@color/baseline_neutral_50</color>
    <color name="modern_grey_100">@color/baseline_neutral_100</color>
    <color name="modern_grey_100_alpha_38">@color/baseline_neutral_100_alpha_38</color>
    <color name="modern_grey_200">@color/baseline_neutral_200</color>
    <color name="modern_grey_300">@color/baseline_neutral_300</color>
    <color name="modern_grey_300_alpha_38">@color/baseline_neutral_300_alpha_38</color>
    <color name="modern_grey_400" tools:ignore="UnusedResources">@color/baseline_neutral_400</color>
    <color name="modern_grey_500" tools:ignore="UnusedResources">@color/baseline_neutral_500</color>
    <color name="modern_grey_600">@color/baseline_neutral_600</color>
    <color name="modern_grey_700">@color/baseline_neutral_700</color>
    <color name="modern_grey_800" tools:ignore="UnusedResources">@color/baseline_neutral_800</color>
    <color name="modern_grey_800_alpha_38">@color/baseline_neutral_800_alpha_38</color>
    <color name="modern_grey_900">@color/baseline_neutral_900</color>
    <color name="modern_grey_900_alpha_38">@color/baseline_neutral_900_alpha_38</color>
    <!-- These colors are currently exclusively used for Sufrace-N on things with
         elevation. They now add some primary color, and are no longer exactly
        solid grey. -->
    <color name="modern_grey_900_with_grey_200_alpha_11">@color/baseline_neutral_900_with_neutral_200_alpha_11_with_primary_200_alpha_2</color>
    <!-- Correct for most places to use 200 instead of 300 now. -->
    <color name="google_red_300">@color/baseline_error_200</color>
    <color name="google_red_600">@color/baseline_error_600</color>

    <!-- No 2021 color palette mapping exists. -->
    <color name="black_alpha_5">#0D000000</color>
    <color name="black_alpha_11" tools:ignore="UnusedResources">#1D000000</color>
    <color name="black_alpha_38" tools:ignore="UnusedResources">#61000000</color>
    <color name="black_alpha_65" tools:ignore="UnusedResources">#A6000000</color>
    <color name="white_alpha_5">#0DFFFFFF</color>
    <color name="white_alpha_6">#0FFFFFFF</color>
    <color name="white_alpha_8" tools:ignore="UnusedResources">#14FFFFFF</color>
    <color name="white_alpha_12" tools:ignore="UnusedResources">#1FFFFFFF</color>
    <color name="white_alpha_20" tools:ignore="UnusedResources">#33FFFFFF</color>
    <color name="white_alpha_24" tools:ignore="UnusedResources">#3DFFFFFF</color>
    <color name="white_alpha_32" tools:ignore="UnusedResources">#51FFFFFF</color>
    <color name="white_alpha_38" tools:ignore="UnusedResources">#61FFFFFF</color>
    <color name="white_alpha_50">#80FFFFFF</color>
    <color name="white_alpha_60">#99FFFFFF</color>
    <color name="white_alpha_70">#B3FFFFFF</color>
    <color name="modern_yellow_300">#FDD663</color>
    <color name="modern_yellow_500">#FBBC04</color>
    <color name="google_blue_grey_500" tools:ignore="UnusedResources">#607D8B</color>

    <!-- Only use for older versions of Android mimics UI. -->
    <color name="google_blue_grey_900" tools:ignore="UnusedResources">#263238</color>
    <color name="google_blue_50" tools:ignore="UnusedResources">#E3F2FD</color>
</resources>
