<?xml version="1.0" encoding="utf-8"?>
<!-- Copyright 2013 The Chromium Authors. All rights reserved.

     Use of this source code is governed by a BSD-style license that can be
     found in the LICENSE file.
-->
<resources xmlns:tools="http://schemas.android.com/tools">
    <!-- TODO(huayinz): remove tools:ignore once these colors are used in ui/android -->
    <!-- Common text colors -->
    <color name="default_text_color_baseline">@color/default_text_color_dark</color>
    <color name="default_text_color_secondary_baseline">@color/default_text_color_secondary_dark</color>
    <!-- Text color for non-clickable blue text. -->
    <color name="default_text_color_blue_baseline" tools:ignore="UnusedResources">@color/default_text_color_blue_dark</color>
    <!-- Text color for clickable text. -->
    <color name="default_text_color_link_baseline">@color/default_text_color_link_dark</color>
    <color name="default_text_color_link_disabled_baseline">@color/default_text_color_link_disabled_dark</color>
    <color name="default_text_color_error">@color/default_text_color_error_dark</color>
    <color name="default_text_color_on_accent1_baseline">@color/default_text_color_on_accent1_light</color>
    <color name="default_text_color_on_accent1_disabled_baseline">@color/default_text_color_disabled_dark</color>
    <color name="default_text_color_on_accent2_container_baseline">@color/baseline_secondary_900</color>

    <!-- Common icon colors for drawables. -->
    <color name="default_icon_color_baseline">@color/default_icon_color_dark</color>
    <color name="default_icon_color_inverse_baseline" tools:ignore="UnusedResources">@color/default_icon_color_inverse_light</color>
    <color name="default_icon_color_accent1_baseline" tools:ignore="UnusedResources">@color/default_icon_color_blue_dark</color>
    <color name="default_icon_color_on_accent1_baseline">@color/default_icon_color_on_accent1_light</color>
    <color name="default_icon_color_secondary_baseline" tools:ignore="UnusedResources">@color/default_icon_color_secondary_dark</color>

    <color name="hairline_stroke_color_baseline">@color/hairline_stroke_color_dark</color>
    <color name="default_icon_color_disabled_baseline">@color/default_icon_color_disabled_dark</color>
    <color name="default_icon_color_disabled_inverse_baseline" tools:ignore="UnusedResources">@color/default_icon_color_disabled_light</color>

    <!-- Common background and branding color. -->
    <color name="default_bg_color_baseline">@color/default_bg_color_light</color>
    <color name="default_bg_color_secondary" tools:ignore="UnusedResources">@color/default_bg_color_secondary_light</color>

    <color name="default_bg_color_blue" tools:ignore="UnusedResources">@color/default_bg_color_blue_dark</color>

    <!-- TODO(https://crbug.com/1210689): These all need to ultimately be
         removed because they do not work with dynamic colors. -->
    <color name="default_bg_color_elev_1_baseline" tools:ignore="UnusedResources">@color/default_bg_color_light_elev_1_baseline</color>
    <color name="default_bg_color_elev_2_baseline" tools:ignore="UnusedResources">@color/default_bg_color_light_elev_2_baseline</color>
    <color name="default_bg_color_elev_3_baseline" tools:ignore="UnusedResources">@color/default_bg_color_light_elev_3_baseline</color>
    <color name="default_bg_color_elev_4_baseline">@color/default_bg_color_light_elev_4_baseline</color>
    <color name="default_bg_color_elev_5_baseline" tools:ignore="UnusedResources">@color/default_bg_color_light_elev_5_baseline</color>
    <color name="default_bg_color_elev_6_baseline" tools:ignore="UnusedResources">@color/default_bg_color_light_elev_6_baseline</color>
    <color name="legacy_bg_color_elev_1">@color/legacy_bg_color_light_elev_1</color>
    <color name="legacy_bg_color_elev_4">@color/legacy_bg_color_light_elev_4</color>

    <!-- Dialog colors -->
    <color name="dialog_bg_color_baseline">@color/dialog_bg_color_light_baseline</color>
    <color name="dialog_bg_color_light_baseline">@color/default_bg_color_baseline</color>
    <color name="dialog_bg_color_dark_baseline">@color/default_bg_color_dark_elev_3_baseline</color>

    <!-- Snackbar colors -->
    <color name="snackbar_background_color_baseline">@color/default_bg_color_baseline</color>

    <!-- Infobar colors -->
    <color name="infobar_background_color" tools:ignore="UnusedResources">@color/snackbar_background_color_baseline</color>

    <!-- Bottom sheet colors -->
    <color name="sheet_bg_color_baseline" tools:ignore="UnusedResources">@color/default_bg_color_baseline</color>

    <!-- Ripple colors for clickable widgets -->
    <color name="ripple_color_blue">@color/ripple_color_blue_dark</color>

    <!-- Colors used for Widgets (checkboxes, switches, buttons, etc)-->
    <color name="default_control_color_normal_baseline" tools:ignore="UnusedResources">@color/default_control_color_normal_light</color>
    <color name="default_control_color_active_baseline" tools:ignore="UnusedResources">@color/default_control_color_active_light</color>

    <!-- Incognito icon colors -->
    <color name="incognito_icon_filled_bg_color">@color/incognito_icon_filled_bg_color_dark</color>

    <!-- IncognitoHistoryPlaceholderView  colors -->
    <color name="incognito_history_placeholder_stroke_color">@color/modern_grey_500</color>
    <color name="incognito_history_placeholder_bottom_circle_color">@color/modern_grey_300</color>

    <!-- Colors of adaptive toolbar -->
    <color name="adaptive_toolbar_preference_header_background">@color/adaptive_toolbar_preference_header_background_light</color>
    <color name="adaptive_toolbar_preference_header_line">@color/adaptive_toolbar_preference_header_line_light</color>
    <color name="adaptive_toolbar_preference_header_blue">@color/adaptive_toolbar_preference_header_blue_light</color>
    <color name="adaptive_toolbar_preference_header_omnibox">@color/adaptive_toolbar_preference_header_omnibox_light</color>

    <!-- Menu colors -->
    <!-- TODO(https://crbug.com/1232518): Move light/dark colors to non-adaptive
         file. These reference non-color palette colors which is currently
         blocked by PRESUBMIT scripts. -->
    <color name="menu_action_bar_bg_color_baseline">@color/menu_action_bar_bg_color_light_baseline</color>
    <color name="menu_action_bar_bg_color_light_baseline">@color/default_bg_color_light_elev_1_baseline</color>
    <color name="menu_action_bar_bg_color_dark_baseline">@color/default_bg_color_dark_elev_6_baseline</color>
    <color name="menu_item_bg_color_baseline">@color/menu_item_bg_color</color>
    <color name="menu_item_bg_color">@color/menu_item_bg_color_light_baseline</color>
    <color name="menu_item_bg_color_light_baseline">@color/default_bg_color_light</color>
    <color name="menu_item_bg_color_dark_baseline">@color/default_bg_color_dark_elev_5_baseline</color>

    <!-- Toast colors -->
    <color name="toast_bg_color_baseline">@color/default_bg_color_light_elev_4_baseline</color>

    <!-- Other colors -->
    <color name="default_red" tools:ignore="UnusedResources">@color/default_red_dark</color>
    <color name="default_green" tools:ignore="UnusedResources">@color/default_green_dark</color>
    <color name="filled_button_bg_color">@color/filled_button_bg_color_dark</color>
    <color name="filled_button_bg_color_disabled">@color/filled_button_bg_color_disabled_dark</color>
    <color name="divider_line_bg_color_baseline" tools:ignore="UnusedResources">@color/divider_line_bg_color_dark</color>
    <color name="drag_handlebar_color_baseline">@color/divider_line_bg_color_baseline</color>
    <color name="omnibox_bg_color" tools:ignore="UnusedResources">@color/omnibox_bg_color_light</color>
    <color name="section_header_active_tab_bg_color_baseline">@color/default_bg_color_baseline</color>
    <color name="section_header_bg_color_baseline">@color/default_bg_color_light_elev_2_baseline</color>
    <color name="section_header_bg_color_disabled_baseline">@color/default_bg_color_elev_1_baseline</color>
    <color name="image_loading_color" tools:ignore="UnusedResources">@color/image_loading_color_dark</color>
    <color name="promo_illustration_bg_color" tools:ignore="UnusedResources">@color/promo_illustration_bg_color_light</color>
    <color name="preference_highlighted_bg_color">@color/preference_highlighted_bg_color_dark</color>
    <color name="iph_highlight_blue">@color/iph_highlight_blue_dark</color>
    <color name="rating_star_yellow">@color/rating_star_yellow_dark</color>
    <color name="price_drop_annotation_bg_color">@color/price_drop_annotation_bg_color_light</color>
    <color name="price_drop_annotation_text_green">@color/price_drop_annotation_text_green_light</color>
</resources>
