<?xml version="1.0" encoding="utf-8"?>
<!-- Copyright 2013 The Chromium Authors. All rights reserved.

     Use of this source code is governed by a BSD-style license that can be
     found in the LICENSE file.
-->

<resources xmlns:android="http://schemas.android.com/apk/res/android">
    <!-- Whether the device is a phone, tablet or large tablet. Used to determine which resources
         the OS loaded. -->
    <integer name="min_screen_width_bucket">1</integer>

    <!--  Expand more  -->
    <integer name="expand_more_horizontal_rotation_degree">270</integer>

    <!-- Drag shadow resize ratio -->
    <item name="drag_shadow_resize_ratio" format="float" type="dimen">0.6</item>
    <item name="drag_shadow_max_size_to_window_ratio" format="float" type="dimen">0.35</item>
</resources>
